,Index,Text,Block
0,65,"Zz Zocdoc

We want to make sure it is actually you we are dealing with and not a robot.

 

”

 

Qo

 

 

 

Slide right to complete the puzzle.

 

Why is this verification required? Something about your browser's behavior has caught our
attention.

There are various possible explanations for this:
You are browsing and clicking at a speed much faster than expected of a human
being.
- Something is preventing JavaScript from working on your computer.
- There is a robot on the same network (IP 128.135.123.150) as you.

Having problems accessing the site? Submit feedback.
ID: 1b78700b-baBe-5e91-d5e3-9c73ffab6016",Yes
1,67,"Labs at NIH

Scientists conduct research on NIH
campuses across the U.S., as part of,
our Intramural Research Program.

 

COVID-19

ACTIV
A public-private partnership to develop a coordinated

research strategy to speed the most promising COVID-19
vaccines and treatments.

COVID-19 Treatment Guidelines

Guidelines from NIH for the diagnosis, treatment, and
control of COVID-19.

Featured Resources & Initiatives

ARPA-H

‘Anew science agency proposed by President Joseph
Biden as part of NIH to drive biomedical breakthroughs
and provide transformative solutions for all patients.

All of Us Research Program

Aresearch effort to revolutionize how we improve health
and treat disease.

Accelerating Medicines Partnership

A bold venture to help identify new treatments and cures
for diseases.

 

make up the NIH.

Training at NIH
NIH provides training opportunities
Internally, as well as at universities

Rapid Acceleration of Diagnostics (RADx)

An initiative to speed innovation in the development,
commercialization, and implementation of technologies
for COVID-19 testing.

Research information from NIH

NIH supports research in COVID-19 testing, treatments,
and vaccines. También disponible en espanol.

Anti-Sexual Harassment
NIH does not tolerate pervasive or severe harassment of
any kind, including sexual harassment.

NIH HEAL Initiative

Trans-agency effort to speed scientific solutions to stem
the national opioid crisis.

Impact of NIH Research
NIH-supported research has had a major positive impact
on nearly all of our lives.

Nondiscrimination Notice and Language Assistance Services

English Espanol HESAK Tiéng viet FO}

ws

contact us EJ twitter:

NIHHome | En€spahol | Site Map

Freedom of Information Act

Tagalog

EF Facebook

No Fear Act

Pyccui | wusall | Kreydl Ayisyen

@©ostagrame [E)voutube Flickr:

Visitor Information | Frequently Asked Questions
HHS Vulnerability Disclosure

NIH...Turning Discovery Into Health®

and other institutions across the U.S.

 

Frangals

Web Policies and Notices

Office of Inspector General:

 

THgrequanty yous:

Jobs at NIH

The central recruitment point of
access to all NIH jobs and training
opportunities

RECOVER
Anew research initiative to understand, prevent, and
treat the long-term effects of COVID-19.

NIH staff guidance on coronavirus (09
Guidance to NIH staff, including employees, contractors,
trainees, and volunteers, related to COVID-19.

Ending Structural Racism
Learn more about NIH's efforts to end structural racism
In biomedical research through the UNITE initiative.

Clinical Trials

Learn about participating in clinical trials and where to
find them.

Medical Research Initiatives

Important initiatives aimed at improving medical
research.

Polski Italiano Deutsch = AARRE

Portugués

wore social Media from NIH

NIH Website Archives

USA.gov - Government Made Easy:

National Institutes of Health, 9000 Rockville Pike, Bethesda, Maryland 20892

US. Department of Health and Human Services",No
2,91,"Top Trending Health Topics

 

> COVID-19 > COVID-19 Pregnancy & Breastfeeding
> Relationships and Safety > Flu

> More A-Z topics... > Hypertension

> Breastfeeding > COVID-19 Pregnancy Data

> Sickle Cell > Ovulation Calculator

 

 

 

Search A-Z Health Topics

 

eee try Le CMC lod i ES eee
th Informatio Prog I et breastfeeding h Ir
Le} OT clei at)
Cet 5 dia inquiries
Beer

Toe

a yrtay
iSite

ela M lel hats

Daur)
BIN Ucl Kel

FUR Cye)
Torta WE
Deans

<Page RON MeRU eM Enter email address ers

HHS Non-Discrimination Notice | Language Assistance Available | Accessibility | Privacy Policy | Disclaimers | Freedom of Information Act (FOIA) | USA.gov | Use Our Content
Vulnerability Disclosure Policy

Language Assistance Available

Espajiol | $88+73< | Tiéng Viét | $30 | Tagalog | Pyccknii | a» ,.Il | Kreyol Ayisyen | Francais | Polski | Portugués | Italiano | Deutsch | R228 | sw,ls | English

 

A federal government website managed by the Office on Women's Health in the Office of the
Assistant Secretary for Health at the U.S. Department of Health and Human Services. 0 A S H

1101 Wootton Pkwy, Rockville, MD 20852 1-800-994-9662 - Monday through Friday, 9 a.m. to
6 p.m. ET (closed on federal holidays).

oficeon | Sirlshealth.gov

Be Healthy. Be Happy. Be You. Beautiful.",No
3,70,"ry SDOH STEM at CDC
7 CDC's work addressing social determinants of Science, technology, engineering, & math
y) health (SDOH). disciplines.

   

 

 

ie RESEARCH & SCIENCE
MORBIDITY AND MORTALITY WEEKLY REPORT (MMWR)
@ Advancing the Integrity of CDC Science QuickStats: Age-Adjusted Drug Overdose Death Rates, by State — National
Vital Statistics System, U...
Public Health Image Library
Morbidity and Mortality Weekly Report EMERGING INFECTIOUS DISEASES
-¥y Journal promoting the recognition of new and reemerging infections diseases
Emerging Infectious Diseases around the world.
F fe ] Preventing Chronic Disease

PREVENTING CHRONIC DISEASE

Vital Signs Report Using Patient Profiles for Sustained Diabetes Management Among People With

Type 2 Diabetes
Lab Safety

Data & Stats View all Publications >

ABOU

\rotaale 7 eee ao DEI
Ore eee a eso 7 ale se aan lel tea J vy

Ee cere aetna 7 enya a= et)

C DIRECTOR
Rochelle P. Walensky, MD, MPH

About CDC eereradery Ellie yee) 9

 

     

 

Espanol Tagalog Francais Deutsch Accessibility No Fear Act Nondiscrimination
Rarx Pyccxnit Polski BAS External Lir FOIA Vulnerability Disclosure Policy
Tiéng viet aupall Portugués cals Privacy o1G Department of Health & Human Si
oon #20} Kreyol Ayisyen Italiano English Policies USA.gov",No
4,76,"Shipping Weekly Ad Careers Specialty Pharmacy

 

Returns Savings & Deals Disability Inclusion
Product Recalls ‘Sweepstakes & Promotions Diversity & Inclusion a a
Fraud Information Healthcare Clit Investor Relations .
Walgreens Boots Alliance
Payments Find Care Newsroom
Contact Us Photo Blog Walgreens Logos
Website Accessibility Paperless Coupons Sell Your Pharmacy
Site Map Same Day Pickup & Delivery Charitable Donations
Help Social Responsibility
Walgreens Mobile

California Transparency Act

myWalgreens™ Walgreens API Modern Slavery and Human
Offers Trafficking

Program Details

 

Affiliate Program

 

 

myWalgreens™ Credit Card Walgreens Advertising Group
Pay myWalgreens™ Credit Card bill iemrncanGhaess
FAQs
Terms and Conditions
Contact Us
Privacy Center
Notice of Privacy Practices | TermsofUse | Online Privacy & Security Pol
© Copyright 2023 Walgreen Co. 200 Wilmot Rd. Deerfield IL All rights reserved.
View all products by:

* Restrictions apply. See Walgreens.com/Offerdetails for more information.

 

Baby &Kids | Beauty | Caregiver Essentials | Contact Lenses |

PRICING PROMISE: Walgreens will honor the lowest price posted on the sales floor
Electronics & Office | Fitness & Nutrition | GiftCards | Grocery | Home Goods | for in-store purchases, regardless of time
advertised prices excluded as internet price may differ from in-store price.

 

 

Home Health Care Solutions | Household Essentials | Medicines & Treatments |
Pet | Personal Care | Sexual Wellness | Toys, Games & Books |
Vitamins & Supplements | Walgreens Brand | Top Walgreens Searches |

Shop by Brand

Top photo products:
Photo Prints, Posters and Enlargements | Photo Cards | Canvas & Décor |
Photo Books | Photo Calendars | Photo Gifts | Same Day Pickup |

Shop All Products",No
5,61,"Reece ean aes ee

 

Marketplace coverage & Coronavirus

& i $ A

Quick start guide 1095 & tax info Pay your premium Find local help

Ea Ea ssolibiied aii

 

Get important news & updates @® HealthCare.gov blog

Sign up for email and text updates to get deadline reminders and other important March 9

information. File your taxes using Form 1095-A, Health Insurance
Marketplace® Statement

 

Health insurance and taxes

Se

Privacy Policy

 

 

Resources Connect with us
About the Affordable Care Act For the Media Questions? Call 1-800-318-2596
Regulatory and Policy Information For Researchers Find Local Help
For Navigators, Assisters & Partners For States

Visit the HealthCare.gov blog
For Agents & Brokers Information in other languages

fyo

All Topics - Glossary - Contact Us Archive

Nondiscrimination / Accessibility « Privacy Policy - Privacy Settings - Linking Policy - Using This Site - Plain Writing
*AS¢ - Kreydl - Frangals - Deutsch - ayvaia- fc - Italiano - 738 - $40] - Polski - Portugués - Pycckuii - Espafiol - Tagalog - tiéng viét

A federal government website managed and paid for by the U.S. Centers
SE for Medicare & Medicaid Services. 7500 Security Boulevard, Baltimore, MD
“Sye~ 21244. Health Insurance Marketplace® is a registered trademark of the
Department of Health and Human Services.",No
6,221,"COMPANY

About us
Careers

Terms

Privacy

Interest Based Ads
Ad Preferences
Help

ANUBIS
TNS

=

 

Search and browse books

| Title / Author / ISBN

 

Art Ebooks
Biography Fantasy
Business Fiction
Children's Graphic Novels
Christian Historical Fiction
Classics History

Comics Horror
Cookbooks Memoir
Quotes

— Albert Einstein

 

 

Music
Mystery
Nonfiction
Poetry
Psychology
Romance

Science

 

Science Fiction

Goodreads Choice Awards: The Best Books 2022

Best Books 2022
Best Fiction

Best Mystery & Thriller
Best Historical Fiction
Best Fantasy

Best Romance

Best Science Fiction
Best Horror

Best Humor

WORK WITH US
Authors

Advertise

Authors & ads blog
APL

Fiction, Fantasy

Self Help
Sports
Thriller
Travel
Young Adult
More genres

“Two things are infinite: the universe and human Best quotes
stupidity; and I'm not sure about the universe.”

Love quotes
Inspirational quotes
Funny quotes
Motivational quotes
Life quotes

Friends quotes
Positive quotes
More quotes

Best Nonfiction

Best Memoir & Autobiography

Best History & Biography

Best Graphic Novels & Comics

Best Poetry

Best Debut Novel

Best Young Adult Fiction

Best Young Adult Fantasy & Science
Fiction

Best Middle Grade & Children’s

CONNECT

 

Love lists?

Best for Book Clubs EZ a i
Best Books of the 20th T
Century 3B

Best Crime & Mystery Books = 5 aX 4

More book lists

 

Are you an author or a publisher?
Gain access to a massive audience of book
lovers. Goodreads is a great place to promote

your books.

Author program Advertise

errr roy
So fore ad

© 2023 Goodreads, Inc.
Mobile version",No
7,129,"a

World's Fastest Can Opener by sirjason132
n Kitchen

Outside

Strap-On Cleats for Ice and Snow
Traction by Zero To Infinity in Snow

Teachers

 

Rock Paper Scissors Using Tinkercad
Circuits and Arduino by CrazyScience
Arduino

  

Cryptex - 10 Steps for 110 Possibles
Designs by Tony Vanpoucke in Toys & Games

Hollow Wood Surfboard - Plywood and
Cedar by memestra in Beach

Hagrid's Interactive Lantern and Magic
Wand With Tinkercad Circuits and
Micro:bit by Elenavercher in Grades 3-5

Categories

Easy DIY James Webb Telescope Mirror.
py backwards lamb in Decorating

Unconventional Longboard by designcoyxe
n Metalworking

* eo ===
Bad pe
cary)

a: ARDUINO i
AUTODES!
a , Boe FINKERCAD’ a

GEL

= eS
Basics of Arduino (TINKERCAD) by
Mukesh_Sankhla in Grades 6-8

 

 

 

Seu iat

Ballpoint Pen Monsters! by iamsewerazy in
Kids

DIY Wheels for Bike or Trike or Trailer by
Liebregts in Metalworking

Pattern Play In
Tinkercad Codeblocks

@ «6

. a DS
te
Sere A
|
Pattern Play in Tinkercad Codeblocks by
lose in Grades 2-5

 

Roll) aeRO)

— lolol tyy

(rncras

Ris

Dragon Railway: Complete Open Source
Ecosystem by Rambros in Toys & Games

 

 

Backyard Treehouse With Zip Line, Trap
Door, and Sliding Door by
CHARLESCRANFORD in Backyard

 

FFF 3D-Print Mega Sumo Robot by
noclaf8810373 in 3D Printing

 

72 AUTODESK",No
8,217,"v
thecatsite CATARTICLES ~ FORUMS ~ MEDIA ~ MEMBERS ~ LOGIN REGISTER Q SEARCH

 
  
   
 
    
   
   
 
 
    
  
 
 
 
 
 
 
 
     
 
     
    

SOCIAL FORUMS

Let's be furriends!

 

New Cats in the Town Yo

© New Cats on the Block
AM - Kitty Memo

Threads: 12.4K Messages: 145.3K

 

  

The Cat Lounge
©) Threads: 85.6k Messages: 1.9M
Q Foodie's Corner Games and Fun

2 Word Phrase Redux 6
3 minutes ago - debbila

 

Site Help

© Threads: 4.3K Me:

Site Migration - Report Issues Here

‘Spam email
Friday at 1

 

® © €

ges: 45.3K

 

PM - tiggerwillow

EXPERT FORUMS

Stored in here you'll find expert forums, past and present... join in for expert cat advice!

 

Previous Expert Forums (closed)

5: 3K

Cat Nutrition with Dr. Rachel Boltz, DVM

Kidney Issues in Cats with Dr. Kris Lyons - On Cat Genetics

Humane Trapping of Cats for TNR with Alley Cat All

Cat Behavior with Pam Johnson-Bennett Test For Blood Clotting

Experts from ""Feline Fix By Five"" talk Spay/Neuter Aug 23 Dr. Phil Bushby

Multi-Cat Households Challenges dl
Litter Box Advice with Marilyn Krieger

CatPsych Feline Behavior Advice Sharing Golden Moments

Feline Genetics Bottle Babies» Ask Animal Control

Holistic Feline Health and Nutrition

 

 

 

P Alte Tee og

Tene econ te Re Ree UE acy
Home & Forums | Cat Articles | Site Help | About TheCatSite.

BP eR ee ees ee ee a oe Ren coe Cee ae ag
Coe eC ei oe i Ree ee ee ee Le ose

fea Un

[a Ae - Cn

ET oad TF",No
9,77,"URNVETY DENENS; YOU MUSE NAVE AG VS-CONT™ ACCOUNT ANE COMPIETE YOUR UIGAN PT OME OTMINE!ZOVT UISCOUNT AP PNES OMY 10 TON-SAE AN NON PTOMO ENS TAVEEU CVF MEAT” OF LIVE BENEN""™ DY CVS MERI, EXCIUSIONS BP PYG VSCOM
shipping is FREE when at least one CarePass eligible item is added to your order. FREE Rx delivery is available for select prescriptions and health plans. Prescription delivery times vary. Most stores are eligible for same-day Rx delivery.

 

ra ‘Check our store locator to find out if your store is eligible. Other exclusions apply. Visit full terms and conditions
es
oO Coronavirus Updates Passport Photos My Account Popular Searches Pharmacy & Health Rewards
‘Drug Information Center Eye Exams Order Status Online Deals
a “Transfer Prescriptions HealthHUB Weekly Ad

Refll Prescriptions

 

Veterans Advantage
COVID Vaccine MinuteCtinic

Prescription Delivery

New York Patient Bill of Rights UPS Access Point
. (PDF)

tical Center

 

NY Prescription Drug Price List

 

 

  

Order Cancellation Policy ‘Aetna CVSHeatth.com
Retum Policy Caremark Newsroom

ing Information SiverSeript Social Responsibility
Privacy Policy Omnicare Careers
Non-Discrimination Policy (PDF) Patient Privacy
‘Site Map Ethics & Human Rights
‘Security Real Estate
Vulnerability Disclosure Program Sell Your Pharmacy
In-Store WIFI Terms ‘Suppliers

Healtheare Service Terms

rotowuson: EZ EE [E] | sonics

semen Policy |  QEENGHS!] or Share My Personal information Return Policy",No
10,166,"a

   

The Humane Response to the Four Steps for Successful What Small Businesses Should How to Create a Personal DEI
Robots Taking Over Our World Reinvention in Work and Life Do Now Following Silicon Mission Statement
Valley Bank's Collapse

 

HEALTH > W Subscribe to the Health Matters newsletter

  

   
   

TIME
1 YEAR FOR $19

Join the TIME Family Today!

     

          
     
 

Norovirus Is on the Rise. What A New
to Know About Symptoms and _Patien|
Treatment Get It

Bird Flu Isn't a Danger to
Humans...Yet Way tc

‘SUBSCRIBE IN THE NEXT

UBSCRIBE NOW

CANCEL ANYTIME

Home Press Room

us. TIME Studios

Politics Science Masthead US. & Canada Customer Care
World History Newsletters Global Help Center

Health Newsfeed Subscribe Contact the Editors

Personal Finance by NextAdvisor Sports Subscriber Benefits Reprints and Permissions
Future of Work by Charter Magazine Give a Git site Map

Business The TIME Vault Shop the TIME Store Media Kit

Tech TIME For Kids Careers

TIME CO2

(© 2025 TIME USA, LLC. All Rights Reserved. Use of this site constitutes acceptance of our Terms of Service, Privacy Policy (Your California Privacy Rights) and SNES PSR TSSeanEG.

‘TIME may receive compensation for some links to products and services on this website. Offers may be subject to change without notice.",No